"目的地代碼","目的地名稱"
"CNAAT","Altay"
"CNACH","Lin"
"CNACX","Xingyi"
"CNAGG","Dagang"
"CNAHK","Aheitubieke"
"CNAID","Aidian"
"CNAIN","Huaiyin"
"CNAJG","Aojiang Pt"
"CNAKA","Ankang Wulipu Apt"
"CNAKL","Alatawshankou"
"CNAKU","Aksu"
"CNALI","Dali"
"CNANG","Huangxian"
"CNANH","Sanhe"
"CNANI","Nanpi"
"CNANN","Anning"
"CNANP","Anping"
"CNANQ","Anqiu"
"CNANS","Anshun"
"CNANT","Anting"
"CNAOG","Anshan Teng'ao Apt"
"CNAOY","Shaoyang"
"CNAPP","Anpu"
"CNAQG","Anqing"
"CNARS","Aershan"
"CNART","Arhaxat"
"CNASM","Asjman"
"CNASN","Anshan"
"CNASW","Aoshanwei"
"CNAYS","Anyang"
"CNBAD","Baoding"
"CNBAH","Bahe"
"CNBAI","Baicheng"
"CNBAN","Baoshan"
"CNBAO","Baoshanmatou"
"CNBAS","Basuo"
"CNBAU","Baxu"
"CNBAV","Baotou"
"CNBAY","Bayuquan"
"CNBAZ","Bazhou"
"CNBBU","Bengbu"
"CNBCA","Binchuan"
"CNBCG","Baiceng"
"CNBCO","Bacao"
"CNBDG","Badong"
"CNBDZ","Baoding"
"CNBEI","Beilun"
"CNBEN","Benxi"
"CNBFU","Bengbu"
"CNBGG","Bagong"
"CNBHE","Buhe"
"CNBHT","Tieshan"
"CNBHX","Binhai"
"CNBHY","Beihai"
"CNBIC","Beicun"
"CNBIH","Beihai Pt"
"CNBIJ","Beijiao"
"CNBIN","Binzhou"
"CNBIY","Beiyao"
"CNBJD","Beijingdongzhan"
"CNBJO","Beijiao"
"CNBJS","Peking = Beijing"
"CNBJX","Baoji"
"CNBJZ","Beijingzhan/Beijing"
"CNBKT","Baketu"
"CNBLG","Beilun Pt"
"CNBLI","Bali"
"CNBLO","Bailuo"
"CNBLU","Beiliu"
"CNBLX","Honghai Pt"
"CNBMJ","Baimajing"
"CNBOA","Boao"
"CNBOB","Bobai"
"CNBON","Bao、an"
"CNBOO","Boluo"
"CNBOS","Bose"
"CNBOT","Baotou"
"CNBOZ","Bozhou"
"CNBPX","Bangda"
"CNBQI","Baoqing"
"CNBRJ","Burqin"
"CNBSD","Baoshan Pt"
"CNBSE","Baise"
"CNBSH","Baishan"
"CNBSI","Baishi"
"CNBSP","Basuo Pt"
"CNBSX","Bayin"
"CNBUJ","Buji"
"CNBUR","Burang"
"CNBXI","Boxing"
"CNBXS","Benxi"
"CNBYA","Bayan"
"CNBYG","Baiyang"
"CNBYI","Baoying"
"CNBYN","Binyang"
"CNBYO","Bayan Obo"
"CNBYQ","Bayuquan"
"CNBYU","Baiyun"
"CNBZG","Bozhong"
"CNBZN","Beizhen"
"CNCAH","Changhua"
"CNCAN","Guangzhou"
"CNCAW","Chaiwan"
"CNCBG","Chen Barag"
"CNCBI","Chibi"
"CNCCD","Changchundongzhan"
"CNCCH","Cicheng"
"CNCDE","Changde"
"CNCDH","Changdianhekou"
"CNCDO","Changdao"
"CNCDU","Chengdu"
"CNCDZ","Chengduzhan"
"CNCEK","Ceke"
"CNCEX","Cenxi"
"CNCFD","Caofeidian Pt"
"CNCFF","Suidong"
"CNCFG","Ulan Had"
"CNCFS","Chifeng"
"CNCGB","Changbai"
"CNCGC","Changchun"
"CNCGD","Changde"
"CNCGH","Chongzhou"
"CNCGI","Changliu"
"CNCGJ","Changjing"
"CNCGM","Chongming"
"CNCGN","Cangnan"
"CNCGO","Zhengzhou"
"CNCGP","Ch、ang-peng"
"CNCGQ","Hsinkang = Changchun"
"CNCGS","Chenghai Laiwu"
"CNCGU","Changshu"
"CNCGW","Cangwu"
"CNCGX","Cangxi"
"CNCGY","Cangyuan"
"CNCGZ","Chongzuo"
"CNCHA","Changle"
"CNCHE","Chengao"
"CNCHG","Chenghai"
"CNCHH","Chengcheng"
"CNCHI","Chizhou Pt"
"CNCHN","Chang、an"
"CNCHO","Chang on"
"CNCHQ","Chongqing Pt"
"CNCHS","Chuanshan"
"CNCHU","Chaohu"
"CNCHW","Jiuquan"
"CNCHX","Chengxi"
"CNCHY","Chaoyang Pt"
"CNCHZ","Chuzhou"
"CNCIF","Ulanhad Tuchengcity Apt"
"CNCIG","Chenjiagang"
"CNCIH","Changzhi"
"CNCIV","Civet / Guandong"
"CNCIX","Cixi"
"CNCJA","Congjiang"
"CNCJG","Caojing"
"CNCJI","Chengjiang"
"CNCJN","Chenjian"
"CNCJP","Chenjiaping"
"CNCJS","Changji"
"CNCKA","Chikan"
"CNCKG","Chongqing"
"CNCLJ","Chenglingji"
"CNCLZ","Changjiang Lizu Zizhixian"
"CNCMG","Chongming"
"CNCNA","Changsha"
"CNCNG","Chengde"
"CNCNH","Conghua"
"CNCNI","Changhai Dachangshandao Apt"
"CNCNT","Changtu"
"CNCNX","Xinxu"
"CNCNZ","Chenzhou"
"CNCON","Chaoan"
"CNCOZ","Chaozhou"
"CNCPG","Changping"
"CNCPI","Changpingzhan"
"CNCQD","Chongqingdongzhan"
"CNCQI","Chongqing"
"CNCSD","Changshadongzhan"
"CNCSH","Chashan"
"CNCSJ","Changshou"
"CNCSL","Laiwu"
"CNCSO","Changshou"
"CNCSX","Changsha"
"CNCTM","Chaotianmen"
"CNCTN","Cuntan"
"CNCTU","Chengdu"
"CNCUA","Chunhua"
"CNCUM","Chumen"
"CNCUN","Chencun"
"CNCUZ","Chuzhuangsi"
"CNCWN","Chiwan"
"CNCXI","Chuxiong"
"CNCXN","Chongxing"
"CNCYB","Caiyuanba"
"CNCYG","Chaoyang"
"CNCYH","Haimen"
"CNCYN","Chaoyang"
"CNCZH","Gud"
"CNCZU","Cangzhou"
"CNCZX","Changzhou"
"CNCZZ","Cangzhou"
"CNDAA","Dagang"
"CNDAG","Dalian Pt"
"CNDAI","Dai Ming"
"CNDAL","Dalian"
"CNDAN","Daan"
"CNDAS","Dashihuagang"
"CNDAT","Datong"
"CNDAW","Dawa"
"CNDAX","Daxian"
"CNDAY","Daya Wan"
"CNDAZ","Daze"
"CNDBG","Dongbang"
"CNDBI","Dianbai"
"CNDBX","Bohe"
"CNDCB","Dachenbei"
"CNDCD","Dachendao"
"CNDCE","Dingcheng"
"CNDCG","Ducheng"
"CNDCH","Dachang"
"CNDCN","Dongchen"
"CNDDD","Dadeng I."
"CNDDG","Dandong"
"CNDDK","Dadukou"
"CNDDP","Didu"
"CNDDW","Dongdaiwan"
"CNDDZ","Dandong"
"CNDEA","Dehua"
"CNDEF","Defeng"
"CNDEH","Dehui"
"CNDEI","Deqing"
"CNDEN","Dengta"
"CNDEQ","Deqing"
"CNDEX","Dexing"
"CNDEY","Deyang"
"CNDEZ","Dezhou"
"CNDFA","Dongfang"
"CNDFG","Dongfeng"
"CNDFN","Dongfeng"
"CNDGA","Dingan"
"CNDGG","Dongguan"
"CNDGH","Dinghu"
"CNDGN","Dongyuan"
"CNDGO","Dongguo"
"CNDGP","Dongping"
"CNDGT","Dongtai"
"CNDGU","Donggu"
"CNDGX","Dingxi"
"CNDGY","Dongying"
"CNDHA","Dehua"
"CNDHD","Douhudi"
"CNDHP","Dahuangpu"
"CNDHU","Danzhou"
"CNDIA","Digang"
"CNDIG","Deqen Shangri-La Apt"
"CNDIZ","Dadingzi"
"CNDJG","Dongjiang"
"CNDJI","Dajing"
"CNDJK","Dongjiangkou"
"CNDJO","Daojiao"
"CNDJT","Dongjiaotou"
"CNDKG","Dongkeng"
"CNDKO","Dawukou"
"CNDLC","Dairen = Dalian"
"CNDLD","Daludao"
"CNDLG","Dalang"
"CNDLI","Dongliu"
"CNDLN","Dalingshan"
"CNDLO","Daluo"
"CNDLT","Dulata"
"CNDLU","Dali Apt"
"CNDMJ","Jingan"
"CNDMX","Xinhuan"
"CNDMY","Damaiyu"
"CNDNB","Dianbai"
"CNDNG","Donghai"
"CNDNH","Dunhuang Apt"
"CNDNS","Danshui"
"CNDNT","Dantu"
"CNDNY","Danyang"
"CNDNZ","Danzao"
"CNDOG","Donggang"
"CNDOH","Donghu"
"CNDOM","Dongming"
"CNDON","Dongning"
"CNDOP","Donglian Port"
"CNDOU","Doumen"
"CNDOX","Dongxing"
"CNDOZ","Dongzhang"
"CNDPG","Dapeng"
"CNDQD","Daqindao"
"CNDQG","Daqing"
"CNDSA","Dasha"
"CNDSB","Dongsunba"
"CNDSH","Dongshi"
"CNDSI","Dongshi"
"CNDSN","Dongshan"
"CNDSO","Dasong"
"CNDST","Dasha"
"CNDSZ","Dushanzi"
"CNDTG","Datian"
"CNDTU","Dongtou"
"CNDTZ","Dataizi"
"CNDUR","Duruan Town"
"CNDWA","Dawang"
"CNDWN","Dawan"
"CNDXU","Daxu"
"CNDYA","Dongyang"
"CNDYG","Zhangjiajie Hehua International Apt"
"CNDYI","Dayi"
"CNDYN","Dongying Pt"
"CNDYW","Dayaowan"
"CNDZM","Danzhimatou"
"CNDZO","Danzhou"
"CNDZS","Dezhou"
"CNDZU","Dazu"
"CNEBA","Erba"
"CNEBD","Ebuduge"
"CNECG","Echeng"
"CNEGN","Ergun"
"CNEIX","Meixian"
"CNENH","Enshi Xujiaping Apt"
"CNENP","Enping"
"CNENY","Yan'an Ershilipu Apt"
"CNERC","Erlianhaote"
"CNERK","Erka"
"CNETK","Ertaokou"
"CNEZH","Ezhou"
"CNFAG","Fugang"
"CNFAN","Fangcheng"
"CNFAS","Fangshan"
"CNFAX","Fangxianzhen"
"CNFCH","Fengcheng"
"CNFCN","Fangcun"
"CNFDU","Fengdu"
"CNFEC","Feicheng"
"CNFEN","Fenggang"
"CNFGG","Fengguang"
"CNFGN","Fangcun"
"CNFGX","Fengxian"
"CNFHC","Haicang"
"CNFJE","Fengjie"
"CNFKA","Fukang"
"CNFKC","Changan"
"CNFKI","Fengkai"
"CNFKJ","Jiangkou"
"CNFKU","Faku"
"CNFLG","Fuling"
"CNFNG","Fuyong"
"CNFOC","Foochow = Fuzhou"
"CNFOS","Foshan"
"CNFPG","Fuping"
"CNFQG","Fuqing"
"CNFQX","Xialong"
"CNFRT","Foshan new port"
"CNFSA","Fushan"
"CNFSI","Fusui"
"CNFSN","Fushun"
"CNFUC","Fucheng"
"CNFUG","Fuqing"
"CNFUJ","Fujin"
"CNFUN","Fuyang"
"CNFUO","Foshan Apt"
"CNFUT","Futian"
"CNFUX","Fuxin"
"CNFUY","Fuyuan"
"CNFWN","Fuwan"
"CNFXG","Fuxing"
"CNFYG","Fuyong"
"CNFYN","Fuyun"
"CNFYS","Fuyang"
"CNFYX","Fuyang Xiguan Apt"
"CNFZG","Fuzhou Pt"
"CNFZH","Fuzhou"
"CNFZL","Dantou"
"CNFZX","Fuzhouxingang"
"CNGAI","Gaizhou"
"CNGAL","Galolan"
"CNGAN","Gu'an"
"CNGAO","Gaogang"
"CNGAS","Gaosha"
"CNGAY","Gaoyao"
"CNGAZ","Ganzhou"
"CNGBG","Guanbu Pt"
"CNGBP","Gongbei"
"CNGBT","Guangbaotong"
"CNGBU","Gaobu"
"CNGBZ","Goubangzi"
"CNGCE","Guicheng"
"CNGCG","Guicheng"
"CNGCH","Guancheng"
"CNGCL","Guchengli"
"CNGDI","Gedian"
"CNGDJ","Jiugang"
"CNGDU","Guandu"
"CNGFU","Guangfu"
"CNGGK","Gongkou"
"CNGGN","Gongan"
"CNGGS","Guangshui"
"CNGGU","Gongguan"
"CNGGY","Gongyi"
"CNGGZ","Guangzhou"
"CNGHI","Guanghai"
"CNGHN","Guanghan"
"CNGIR","Gyirong"
"CNGIS","Guishan"
"CNGJG","Gujing"
"CNGJS","Jiangsi"
"CNGLA","Gaolan"
"CNGLE","Gulei"
"CNGLG","Gaoleng"
"CNGLI","Guangli"
"CNGLN","Gaolan"
"CNGLU","Gonglu"
"CNGMI","Gaomi"
"CNGNA","Guang、ao"
"CNGNG","Guangning"
"CNGNI","Guangning"
"CNGNL","Guanlin"
"CNGNY","Guan yao"
"CNGOC","Gaochun"
"CNGOG","Gongming"
"CNGOM","Gaoming"
"CNGON","Gaolan"
"CNGOQ","Golmud"
"CNGPG","Guiping"
"CNGQD","Ganqmod"
"CNGRO","Guangrao"
"CNGSA","Cangshan"
"CNGTE","Yingde"
"CNGTG","Gaotang"
"CNGTI","Guitai"
"CNGUA","Guangdong"
"CNGUG","Guigang"
"CNGUL","Gangluan"
"CNGUN","Guanlan"
"CNGUT","Guangdong Terminal"
"CNGUZ","Guangzhoudongzhan"
"CNGXC","Gaozhou"
"CNGXI","Guixi"
"CNGYA","Guiyang"
"CNGYG","Guilinyang"
"CNGYN","Nanan"
"CNGYO","Guanyao"
"CNGYS","Guangyuan Panlong Apt"
"CNGYU","Gaoyou"
"CNGZC","Guangzhouchuanchang"
"CNGZE","Guzhen"
"CNGZG","Guangzhou Pt"
"CNGZH","Guzhen"
"CNGZU","Guizhou"
"CNHAD","Haiyang"
"CNHAF","Haifeng"
"CNHAG","Haicheng"
"CNHAI","Haian"
"CNHAK","Hoikow = Haikou"
"CNHAN","Hanjiang"
"CNHAQ","Huangqi/Nanhai"
"CNHAS","Heshan"
"CNHAT","Haitang/Shekou"
"CNHAY","Haiyang"
"CNHAZ","Hangzhou"
"CNHBG","Harbin Pt"
"CNHBI","Huaibei"
"CNHBU","Huangbu"
"CNHBZ","Harbinzhan/Harbin"
"CNHCG","Hecheng"
"CNHCH","Hechi"
"CNHCN","Huachuan"
"CNHDG","Huadu Pt"
"CNHDN","Haidian"
"CNHDS","Handan"
"CNHDU","Huadu"
"CNHDX","Handan"
"CNHEB","Hebei"
"CNHEK","Heihe"
"CNHEN","Hengdian"
"CNHEP","Hepu"
"CNHES","Henshui"
"CNHET","Hohhot"
"CNHEY","Heyuan"
"CNHFE","Hefei"
"CNHFI","Hefei"
"CNHGA","Honghua"
"CNHGC","Huangcun"
"CNHGE","Huangge"
"CNHGG","Hongguang Pt"
"CNHGH","Hangchow = Hangzhou"
"CNHGJ","Huangjiang"
"CNHGK","Hongkou"
"CNHGN","Haigeng"
"CNHGO","Hongqiao"
"CNHGP","Huangpi"
"CNHGQ","Huangqi"
"CNHGU","Huanghua"
"CNHGW","Hongwan"
"CNHHA","Huanghua"
"CNHHH","Hohhot"
"CNHHT","Haitian Terminal/Xiamen"
"CNHHU","Heshun"
"CNHIA","Huai'an"
"CNHID","Huidong Pt"
"CNHIG","Haikou Pt"
"CNHII","Huainan"
"CNHIJ","Huaiji"
"CNHIK","Huikou"
"CNHIM","Haimiao"
"CNHIN","Haining"
"CNHIS","Hengshui"
"CNHIY","Haiyan"
"CNHIZ","Haizhu"
"CNHJI","Huangjiang"
"CNHJJ","Huaihua Zhijiang Apt"
"CNHKM","Hekou"
"CNHKN","Haikang"
"CNHKO","Haikou"
"CNHKU","Hukou"
"CNHLD","Hailar"
"CNHLE","Hulan Ergi"
"CNHLH","Ulan Hot Apt"
"CNHLI","Huilai"
"CNHLJ","Jinghai"
"CNHLN","Huilong"
"CNHLW","Heliwei"
"CNHLY","Hulieyetu"
"CNHME","Haimen"
"CNHMI","Hami"
"CNHMN","Humen"
"CNHNG","Henggang"
"CNHNH","Huanghua"
"CNHNI","Hengli"
"CNHNK","Hankou"
"CNHNO","Huinong"
"CNHNS","Huanshi"
"CNHNT","Hongtong"
"CNHNY","Hengyang"
"CNHOA","Houan"
"CNHOD","Hongdu"
"CNHOH","Honghu"
"CNHOM","Houma"
"CNHON","Hongze Xian"
"CNHOP","Huangpu Old Port"
"CNHOQ","Hongqi"
"CNHOU","Houjie"
"CNHPT","Heping"
"CNHQG","Huiqiang"
"CNHRB","Harbin"
"CNHRN","Harbin"
"CNHRS","Horgos"
"CNHSA","Heishan"
"CNHSC","Shaoguan"
"CNHSH","Huangshan"
"CNHSI","Huangshi"
"CNHSN","Heshan"
"CNHST","Heishantou"
"CNHSZ","Hongshanzui"
"CNHTG","Hetang"
"CNHTN","Hotan Apt"
"CNHTO","Haitou"
"CNHTS","Hotan"
"CNHUA","Huangpu"
"CNHUC","Hunchun"
"CNHUD","Hua Du"
"CNHUE","Huchen"
"CNHUG","Huanggang"
"CNHUH","Huanghua Pt"
"CNHUI","Huiyang = Huizhou"
"CNHUL","Hulin"
"CNHUM","Huma"
"CNHUN","Huangpu New Port"
"CNHUP","Huo Pt"
"CNHUS","Huashi"
"CNHUW","Huidong"
"CNHUY","Huayang"
"CNHUZ","Huazhou"
"CNHXA","Hengxian"
"CNHXE","Haoxue"
"CNHXG","Haikou New Pt"
"CNHYA","Heyang"
"CNHYN","Huangyan"
"CNHZG","Hanzhong"
"CNHZH","Huzhou"
"CNHZO","Huangzhou"
"CNHZS","Heze"
"CNHZU","Houzhu"
"CNIHE","Huaihe"
"CNILI","Xili"
"CNIMA","Baimao"
"CNINC","Yinchuan Hedong International Apt"
"CNING","Xinyang"
"CNIQM","Qiemo Apt"
"CNIQN","Qingyang Xifengzhen Apt"
"CNIUA","Liuan"
"CNIXI","Jinxi"
"CNJAA","Jiang'an"
"CNJAG","Jianyang"
"CNJAN","Ji、an"
"CNJAS","Jiashan"
"CNJAX","Jiaxing Pt"
"CNJAY","Jiayin"
"CNJBI","Jianbi"
"CNJCH","Jiangcheng"
"CNJCN","Jiangchuan"
"CNJDE","Jiande"
"CNJDR","Quxi"
"CNJDZ","Jingdezhen"
"CNJEM","Jeminay"
"CNJES","Jieshi"
"CNJGH","Jianghai"
"CNJGJ","Jiangjin"
"CNJGN","Jiayuguan"
"CNJGS","Jinggangshan Apt"
"CNJGU","Jinguzhou"
"CNJGX","Jingxian"
"CNJGY","Jiangyin"
"CNJGZ","Jingzhou"
"CNJHA","Jinhua"
"CNJHG","Jinghong"
"CNJHK","Jinhekou"
"CNJHN","Jiangshan"
"CNJIA","Jiangyin"
"CNJIC","Jiangcun"
"CNJID","Jiading"
"CNJIG","Jiading"
"CNJIH","Jing、an"
"CNJII","Jining"
"CNJIJ","Jingjiang Pt"
"CNJIL","Jilin"
"CNJIN","Jingtang (Tangshan)"
"CNJIP","Jiangping"
"CNJIS","Jiangshan"
"CNJIU","Jiujiang"
"CNJIX","Jiaxing"
"CNJIZ","Jiazi"
"CNJJG","Jiujiang"
"CNJJI","Jinjiang"
"CNJJN","Jinjiang"
"CNJKO","Jiangkou"
"CNJKU","Jiangkou"
"CNJLE","Jiangle"
"CNJLI","Jianli"
"CNJLP","Jiulongpo Pt"
"CNJLY","Luoyuanwan"
"CNJLZ","Jilinzhan"
"CNJMN","Jiangmen"
"CNJMO","Jimo"
"CNJMS","Jiamusi Pt"
"CNJMU","Jiamusi"
"CNJMY","Jimiya"
"CNJNA","Jinan"
"CNJND","Jiangdu"
"CNJNG","Jining"
"CNJNH","Jinhaian"
"CNJNI","Jinjing"
"CNJNL","Jinli"
"CNJNN","Jining"
"CNJNS","Jinshan"
"CNJNX","Jiangxi"
"CNJNZ","Jinzhou"
"CNJOJ","Jiaojiang"
"CNJOK","Jiaokou"
"CNJPI","Jinpai"
"CNJPU","Jiangpu"
"CNJQI","Jinqiao"
"CNJRG","Jurong"
"CNJSA","Jiashan"
"CNJSG","Jiaoshan Pt"
"CNJSH","Jinshuihe"
"CNJSI","Jinshi"
"CNJSO","Jishou"
"CNJSU","Jiangsiu"
"CNJTG","Jingtang Pt"
"CNJTN","Jintan"
"CNJTO","Jiantiao"
"CNJUI","Jishui"
"CNJUJ","Jiujiang"
"CNJUL","Jiuli"
"CNJUQ","Jiuquanzhan"
"CNJUZ","Jiuzhen"
"CNJWN","Jinwan"
"CNJXI","Jiexi"
"CNJXN","Jiao Xin"
"CNJYA","Jiyuan"
"CNJYG","Jieyang"
"CNJYN","Jinyun"
"CNJYS","Jiangyan"
"CNJZH","Jiaozhou"
"CNJZI","Jinzhou"
"CNJZK","Jingzhou Pt"
"CNJZO","Jiaozuo"
"CNJZU","Jiuzhou"
"CNKAH","Kaihua"
"CNKAI","Kaikou"
"CNKAP","Kaiping"
"CNKCA","Kuqa Apt"
"CNKFG","Kaifeng"
"CNKGT","Kangding"
"CNKHG","Kashi"
"CNKHN","Nanchang"
"CNKIY","Kaiyun"
"CNKJC","Science City"
"CNKJP","Kunjirap"
"CNKLS","Kalasu"
"CNKMG","Kunming"
"CNKMN","Kanmen"
"CNKNC","Ji、an"
"CNKNM","Kunming"
"CNKOL","Korla"
"CNKOW","Ganzhou Huangjin Apt"
"CNKPN","Kaiping"
"CNKQI","Kangqiao"
"CNKRL","Korla"
"CNKRY","Karamay"
"CNKSS","Kashi"
"CNKST","Kaishantun"
"CNKUS","Kunshan"
"CNKUY","Kuytunzhan"
"CNKWE","Guiyang"
"CNKWL","Guilin"
"CNKYG","Kuiyong"
"CNKZG","Kangzhou Pt"
"CNLAA","Lai An"
"CNLAG","Lijiang"
"CNLAI","Laizhou"
"CNLAL","Laolong"
"CNLAN","Lanshi"
"CNLAZ","Lanzhou"
"CNLBI","Laibin"
"CNLBU","Liaobu"
"CNLCH","Liaocheng"
"CNLCN","Luocun"
"CNLCP","Lucheng Pt"
"CNLCW","Luochongwei"
"CNLCX","Liancheng Apt"
"CNLDG","Longdong"
"CNLDI","Loudi"
"CNLDK","Laodukou"
"CNLES","Leshan"
"CNLEZ","Lezhu"
"CNLFG","Langfang"
"CNLFN","Lufeng"
"CNLFZ","Langfang"
"CNLGA","Long'an"
"CNLGB","Longbang"
"CNLGE","Lincheng"
"CNLGG","Longgang"
"CNLGH","Longhua"
"CNLGI","Longhai"
"CNLGN","Lingcheng"
"CNLGP","Liangping"
"CNLGU","Longguan"
"CNLGW","Longwu"
"CNLGY","Longyan Pt"
"CNLHA","Longhua"
"CNLHD","Luhuadao"
"CNLHE","Luohe"
"CNLHG","Liancheng"
"CNLHK","Guanghua"
"CNLHN","Luoniushan"
"CNLHS","Laohushao"
"CNLHU","Lihu"
"CNLHW","Lanzhou"
"CNLIA","Liaoyang"
"CNLIB","Libo"
"CNLIC","Licheng"
"CNLID","Lidao"
"CNLIH","Lianhuashan"
"CNLIJ","Lijiang"
"CNLIL","Lilingzhan"
"CNLIN","Linjiang"
"CNLIP","Liping"
"CNLIS","Lishui"
"CNLIU","Liuyang"
"CNLIX","Laixi"
"CNLIY","Liyang"
"CNLIZ","Lianzhou"
"CNLJD","Liujiadu"
"CNLJG","Lijiang Sanyi Apt"
"CNLJI","Liujiang"
"CNLJK","Luanjiakou"
"CNLJN","Liujing"
"CNLJO","Lunjiao"
"CNLJP","Liujia Pt"
"CNLJQ","Qianyu"
"CNLJT","Luojingtan"
"CNLJY","Yingzai"
"CNLKP","Liukou Pt"
"CNLKU","Longkou"
"CNLLF","Lingling Apt/Yongzhou"
"CNLLG","Leling"
"CNLLI","Liling"
"CNLLJ","Longjiang"
"CNLLY","Laocheng"
"CNLMN","Longmen"
"CNLNA","Lin、an"
"CNLNC","Lincang"
"CNLNG","Ledong"
"CNLNH","Linhai"
"CNLNI","Linxi"
"CNLNJ","Lianjiang"
"CNLNN","Lunan"
"CNLNS","Lanshi"
"CNLNX","Lianxia"
"CNLNZ","Linzi"
"CNLOA","Longnan"
"CNLOG","Longan"
"CNLOH","Luohuang"
"CNLOS","Loushan"
"CNLOY","Liaoyuan"
"CNLOZ","Longzhou"
"CNLPG","Mouping"
"CNLPI","Leping"
"CNLPP","Longping Pt"
"CNLPS","Liupanshui"
"CNLQI","Luoqi"
"CNLQN","Liquan"
"CNLQU","Luquan"
"CNLSA","Lingshan"
"CNLSH","Port Arthur = Lushun"
"CNLSI","Lanshi"
"CNLSN","Lanshan"
"CNLSS","Lishui"
"CNLSX","Xincun"
"CNLTP","Letianxi Pt"
"CNLUB","Luobei"
"CNLUD","Liudu"
"CNLUG","Luogang"
"CNLUH","Lu-hua Shan"
"CNLUI","Lisui"
"CNLUM","Dehong Mangshi Airport"
"CNLUN","Lu、an"
"CNLUO","Luoding"
"CNLUS","Lusi"
"CNLUU","Leliu"
"CNLUX","Luoxi"
"CNLUZ","Lushan"
"CNLWN","Luwan"
"CNLWS","Laiwu"
"CNLWU","Laiwu"
"CNLXA","Lhasa"
"CNLXH","Laoxiahe"
"CNLXI","Lanxi"
"CNLXP","Luxikou Pt"
"CNLYA","Luoyang"
"CNLYD","Laiyang"
"CNLYF","Longyan"
"CNLYG","Lianyungang"
"CNLYI","Linyi"
"CNLYM","Laoyemiao"
"CNLYN","Leiyang"
"CNLYO","Longyao"
"CNLYP","Liying Pt"
"CNLYS","Liaoyang"
"CNLYZ","Luoyangzhan"
"CNLZH","Liuzhou"
"CNLZI","Luzhai"
"CNLZL","Liusha"
"CNLZO","Laizhou Pt"
"CNLZP","Liuzuo Pt"
"CNLZU","Luzhou"
"CNLZY","Nyingchi Mainling Apt"
"CNMAA","Maanshan"
"CNMAC","Macun"
"CNMAJ","Majistan/Zhoushan"
"CNMAN","Manas"
"CNMAW","Mawei"
"CNMAY","Mayong"
"CNMBI","Mabian Island"
"CNMCH","Machong"
"CNMCX","Mengcheng"
"CNMDG","Mudanjiang"
"CNMDL","Mandula"
"CNMDN","Mengding"
"CNMDU","Midu"
"CNMEI","Meilin"
"CNMEN","Mengshan"
"CNMEZ","Meizhou"
"CNMFG","Mafang"
"CNMGG","Meigeng"
"CNMGX","Mingxi"
"CNMHG","Minxing"
"CNMHN","Mohan"
"CNMIA","Miaotou"
"CNMIG","Mianyang Nanjiao Apt"
"CNMIO","Meiao"
"CNMIS","Mishan"
"CNMIY","Miyun"
"CNMJD","Majiadian"
"CNMJS","Maji Shan"
"CNMLG","Maoling"
"CNMLI","Meilin"
"CNMLN","Menglian"
"CNMLX","Manzhouli"
"CNMMI","Maoming"
"CNMNG","Minhang"
"CNMOG","Maogang"
"CNMOH","Mohe"
"CNMOT","Miaotou"
"CNMPP","Maoping Pt"
"CNMSA","Meisha Pt"
"CNMSG","Meishan Pt"
"CNMSN","Meishan"
"CNMSP","Maoshan Pt"
"CNMSW","Miaoshanwei"
"CNMTZ","Matouzhen"
"CNMUG","Mugang"
"CNMWN","Mawan"
"CNMXZ","Meixian"
"CNMYG","Mianyang"
"CNMYM","Moupingyangmadao"
"CNMYO","Mayong"
"CNMZS","Mazong Shan"
"CNMZT","Muzhaerte"
"CNMZU","Muzhou"
"CNMZW","Meizhouwan"
"CNNAD","Nandu"
"CNNAF","Nanfeng"
"CNNAH","Nanhai"
"CNNAN","Nanao"
"CNNAO","Nanchong"
"CNNAP","Nanping"
"CNNAS","Nan‘an"
"CNNAT","Natong"
"CNNAY","Nanyuan"
"CNNBA","Nanbian"
"CNNBG","Ningbo Pt"
"CNNBO","NINGBO"
"CNNCA","Nicha"
"CNNCH","Nanchang"
"CNNDE","Ningde"
"CNNDG","Qiqihar"
"CNNDN","Nanding"
"CNNDS","Shacheng"
"CNNEG","Neigang"
"CNNGB","Ningbo"
"CNNGG","Nangang"
"CNNGU","Ningguo"
"CNNGW","Ningwu"
"CNNHE","Ninghe"
"CNNHN","Wuhan"
"CNNHS","Sanshan pt"
"CNNIA","Ning、an"
"CNNIG","Nanning Pt"
"CNNIN","Ninghai"
"CNNJG","Nanjing"
"CNNJI","Nanjing"
"CNNJK","Nanjiangkou"
"CNNKG","Nanjing"
"CNNKL","Niuguling"
"CNNLG","Nanling"
"CNNMI","Ningming"
"CNNNG","Nanning"
"CNNNH","Nanhui"
"CNNNI","Xinning"
"CNNNN","Nan'an"
"CNNNX","Nanxi"
"CNNNY","Nanyang"
"CNNPS","Nanping"
"CNNQO","Nanqiao"
"CNNSA","Nansha"
"CNNSH","Nanshan"
"CNNSN","Nansan"
"CNNSY","Nianshanyapojiao"
"CNNTG","Nantong"
"CNNTN","Niutoushan"
"CNNTU","Nantou"
"CNNUD","Nudao"
"CNNWA","Nawan"
"CNNWI","Nanwei"
"CNNXI","Nanxiang"
"CNNYA","Nanyang"
"CNNYG","Nanyang"
"CNNYI","Xinyi"
"CNNZA","Nanzhuang"
"CNNZG","Nianzigou"
"CNNZH","Manzhouli Xijiao Apt"
"CNNZU","Nanzhuang"
"CNONG","Yongji"
"CNORD","Ordos"
"CNPAJ","Panjin"
"CNPCH","Pucheng"
"CNPDE","Pingdingshan East"
"CNPDG","Pudong/Shanghai"
"CNPDU","Pingdu"
"CNPDX","Pudongxinqu Pt"
"CNPEK","Beijing Shoudu International Apt"
"CNPGM","Pingmeng"
"CNPGN","Pingnan"
"CNPGU","Pingzhou"
"CNPGW","Ping wu"
"CNPGZ","Pingzhou"
"CNPHB","Bijia"
"CNPHN","Pinghu'Nan"
"CNPHU","Pinghu"
"CNPIG","Pingxiang"
"CNPII","Pinghai"
"CNPIL","Pingle"
"CNPIN","Pingxiang"
"CNPIS","Pingshi"
"CNPJO","Pojiao"
"CNPJS","Pizhou"
"CNPKO","Pikou"
"CNPLA","Penglai"
"CNPLI","Penglai Pt"
"CNPMA","Pianma"
"CNPND","Pingdi"
"CNPNG","Puning"
"CNPNH","Pinghu"
"CNPNS","Pingshan"
"CNPNT","Pantang"
"CNPNU","Pinghu"
"CNPNY","Shiqiao (Panyu)"
"CNPOJ","Poji"
"CNPQA","Puqian"
"CNPQI","Puqi"
"CNPSH","Pingsha"
"CNPTJ","Jinjing"
"CNPTS","Sanjiangkou"
"CNPUT","Putian"
"CNPVG","Shanghai Pu Dong Apt"
"CNPXI","Puxi"
"CNPXM","Pingshaxinmatou"
"CNPYG","Puyang"
"CNPYU","Panyu"
"CNPZE","Pengze"
"CNPZH","Panzhihuazhan"
"CNPZI","Panzhihua Apt"
"CNPZO","Paizhou"
"CNQAW","Qianwan"
"CNQDG","Qingdao Pt"
"CNQDL","Qindeli"
"CNQDO","Qiandong"
"CNQGG","Qingge"
"CNQGP","Qingpu"
"CNQGS","Qingshi"
"CNQGY","Qingyuan"
"CNQGZ","Qingzhou"
"CNQHA","Qionghai"
"CNQHE","Qinghe"
"CNQIA","Qianxi"
"CNQIE","Qiaoshe"
"CNQIG","Qingguji / Shangqiu"
"CNQIH","Qihe"
"CNQIN","Qingdao"
"CNQIX","Qingxian"
"CNQJG","Qinjiang"
"CNQJI","Qingjiang"
"CNQJO","Qiangjiao"
"CNQKE","Qike"
"CNQKU","Qukou"
"CNQLN","Qinglan"
"CNQLU","Qingliu"
"CNQMN","Qimen"
"CNQNH","Tanmen"
"CNQNX","Qianxian"
"CNQOU","Qingzhou"
"CNQPU","Qingpu"
"CNQSA","Qisha"
"CNQSE","Qingshuihe, Shenzhen"
"CNQSN","Qianshan, Zhuhai"
"CNQTU","Qiaotou"
"CNQUF","Qufu"
"CNQUH","Quanhe"
"CNQUJ","Quanjiao"
"CNQUY","Quyang"
"CNQUZ","Quzhou"
"CNQXI","Quxi"
"CNQXT","Qixingtai"
"CNQXU","Qiaoxu"
"CNQYA","Qingyang"
"CNQYG","Quanyang"
"CNQYN","Qingyuan"
"CNQZC","Chongwu"
"CNQZG","Qiongzhong"
"CNQZH","Qinzhou"
"CNQZJ","Quanzhou"
"CNQZO","Qizhou"
"CNQZS","Quzhou"
"CNRAG","Ruichang"
"CNRCG","Rongcheng"
"CNRCH","Rongcheng"
"CNRDO","Rudong"
"CNRGA","Rong'an"
"CNRGC","Rongcheng"
"CNRIA","Ruian"
"CNRIW","Riwo"
"CNRJG","Rongjiang"
"CNRJN","Runjiang"
"CNRKZ","Rikaze"
"CNRLC","Erenhot"
"CNRNG","Rongcheng"
"CNRNH","Renhe"
"CNROH","Raohe"
"CNROQ","Rongqi"
"CNRPG","Raoping"
"CNRSI","Rongshui"
"CNRSN","Rushankou"
"CNRUC","Ruicheng"
"CNRUD","Rudong"
"CNRUG","Rugao Pt"
"CNRUI","Ruili"
"CNRUJ","Ruijin"
"CNRXN","Rongxian"
"CNRZH","Shijiu = Rizhao"
"CNSAA","Sanhua"
"CNSAC","Shuangcheng"
"CNSAD","Shandong"
"CNSAE","Shahe"
"CNSAG","Songgang"
"CNSAH","Sanhe"
"CNSAJ","Qinzhoushajing"
"CNSAL","Shalingzhuang"
"CNSAN","Shiwan"
"CNSAP","Shaping"
"CNSAT","Shadi"
"CNSAU","Sanbu"
"CNSAW","Shanwai"
"CNSBH","Shibahe"
"CNSBL","Shibalidian"
"CNSBM","San beiman"
"CNSBN","Suibin"
"CNSBU","Sanbu"
"CNSCH","Suichang"
"CNSDG","Shuidong"
"CNSDP","Sandouping"
"CNSDU","Shadui"
"CNSEH","Shahe"
"CNSEY","Sheyang"
"CNSEZ","Shahezi"
"CNSFE","Suifenhe"
"CNSFH","Suifenhegongluzhan/Suifenhe"
"CNSGA","Songgang"
"CNSGD","Shengdong"
"CNSGG","Suijiang"
"CNSGI","Shangsi"
"CNSGJ","Songjiang"
"CNSGN","Shouguang"
"CNSGO","Shigang'ao"
"CNSGS","Songshu"
"CNSGU","Shangyu"
"CNSGZ","Shengzhou"
"CNSHA","Shanghai"
"CNSHD","Shidao"
"CNSHE","Shenyang"
"CNSHG","Sanshan"
"CNSHH","Shanhaiguan"
"CNSHI","Shishi"
"CNSHJ","Shajing"
"CNSHK","Shekou"
"CNSHL","Shilong"
"CNSHM","Mafang"
"CNSHN","Shiwan"
"CNSHO","Shajiao"
"CNSHP","Chingwantao = Qinhuangdao"
"CNSHQ","Shangqiu"
"CNSHS","Shashi"
"CNSHT","Shating"
"CNSHU","Shihu"
"CNSHW","Honghai"
"CNSHX","Shaxi"
"CNSHY","Shenyang"
"CNSHZ","Shizilu"
"CNSIA","Xi An"
"CNSIG","Sanjiang"
"CNSIH","Sihui"
"CNSIJ","Shijing"
"CNSIK","Shuikou"
"CNSIN","Shatian"
"CNSIP","Shiqu Pt"
"CNSIQ","Saiqi"
"CNSIU","Shizhu"
"CNSIY","Shiyanzhan"
"CNSIZ","Suizhong"
"CNSJE","Shijie"
"CNSJI","Sijiao"
"CNSJJ","Shijingjiaoxin"
"CNSJO","Shijitou"
"CNSJQ","Sanshui"
"CNSJT","Sijitun"
"CNSJU","Shijiu Pt"
"CNSJW","Shijiazhuang"
"CNSJZ","Shijiazhuang"
"CNSKG","Sikeng"
"CNSKO","Shuikou"
"CNSKS","Sikuaishi"
"CNSLG","Shiliugang"
"CNSLO","Shilou"
"CNSLU","Shilu"
"CNSMN","Songmen"
"CNSMS","Sanming"
"CNSMX","Sanmen"
"CNSNA","Sanyang"
"CNSNG","Songjiang"
"CNSNH","Shenhu"
"CNSNI","Shanshi"
"CNSNL","Sanyuanli/Guangzhou"
"CNSNP","Sanmenpo"
"CNSNS","Sheung Shui"
"CNSNU","Sanshu"
"CNSNW","Shenwan"
"CNSNY","Shunyi"
"CNSNZ","Shenzhen"
"CNSOG","Songgai"
"CNSON","Songxia"
"CNSOS","Shaoshan"
"CNSPA","Shapa"
"CNSPB","Shapingba"
"CNSPG","Siping"
"CNSPI","Shipai"
"CNSQH","Shiquanhe"
"CNSQN","Shenquan"
"CNSQS","Shanqiu"
"CNSQU","Shiqiao"
"CNSRG","Sanrong"
"CNSRS","Shangrao"
"CNSSA","Shishan"
"CNSSG","Shashangang"
"CNSSH","Sanshan (Nanhai)"
"CNSSI","Shanshui"
"CNSSN","Shashan"
"CNSSP","Shuangshui"
"CNSSQ","Shiqiaopu"
"CNSTB","Shitoubu"
"CNSTG","Shantou Pt"
"CNSTI","Shatian"
"CNSTJ","Shatoujiao"
"CNSTN","Shitan"
"CNSTO","Shatou"
"CNSTZ","Shatuozi"
"CNSUB","Shuibu"
"CNSUD","Shunde"
"CNSUG","Suigang"
"CNSUH","Suzhou"
"CNSUI","Suigang Huangpu"
"CNSUQ","Suqian"
"CNSUW","Sunwu"
"CNSUX","Suixi"
"CNSUY","Shuyang"
"CNSUZ","Suzhou"
"CNSWA","Swatow = Shantou"
"CNSWE","Shanwei"
"CNSWI","Shiwei"
"CNSWN","Shawan"
"CNSWU","Shaowu"
"CNSXB","Beitan"
"CNSXG","Shaoxing Xian"
"CNSXI","Shixing"
"CNSXJ","Shanshan"
"CNSXN","Shaxian"
"CNSYA","Sheyang"
"CNSYC","Shayuchong"
"CNSYD","Shenyangdongzhan"
"CNSYG","Shiyang"
"CNSYM","Simao"
"CNSYN","Shiyan"
"CNSYX","Sanya"
"CNSZA","Sanzao"
"CNSZG","Suzhou Pt"
"CNSZH","Suzhou"
"CNSZI","Shihezi"
"CNSZK","Songzikou"
"CNSZO","Sanzhou"
"CNSZU","Sanzhou"
"CNSZW","Shenzhenwan"
"CNSZX","Shenzhen"
"CNSZZ","Shenzhenzhan/Shenzhen"
"CNTAC","Taicang Pt"
"CNTAG","Taicang"
"CNTAI","Tai、an"
"CNTAO","Tsingtao = Qingdao"
"CNTAP","Taiping"
"CNTAS","Tangshan"
"CNTAX","Taixing"
"CNTAY","Taiyang"
"CNTAZ","Taizhou Pt"
"CNTBO","Tianbao"
"CNTBS","Tianjinbaoshuiqu"
"CNTCG","Qoqek Apt"
"CNTCH","Houqiao"
"CNTCS","Tacheng"
"CNTDU","Tiandu"
"CNTEN","Tongren"
"CNTFG","Tuanfeng"
"CNTGG","Tanggu"
"CNTGH","Tonghua"
"CNTGK","Tangkou"
"CNTGL","Tongliao"
"CNTGO","Tongliao Apt"
"CNTGS","Tangshan Pt"
"CNTGU","Taku Bar = Tanggu"
"CNTGX","Tangxi"
"CNTGZ","Tengzhou"
"CNTHE","Taihe"
"CNTHG","Taicheng (Taishan)"
"CNTIA","Tiantai"
"CNTID","Tiandong"
"CNTIH","Tianhe"
"CNTIL","Tieling"
"CNTIS","Taishan"
"CNTIY","Tianyang"
"CNTJA","Tangjia"
"CNTJD","Tuojidao"
"CNTJG","Taijiang"
"CNTKK","Taykexkin"
"CNTLI","Tieli"
"CNTLN","Tianlin"
"CNTLS","Tongliao"
"CNTME","Tumen"
"CNTNA","Jinan"
"CNTNC","Lintao"
"CNTNG","Tongjia"
"CNTNJ","Tianjin"
"CNTNO","Tanggou"
"CNTNP","Tianpeng"
"CNTOG","Tongcheng"
"CNTOH","Tonghe"
"CNTOJ","Tongjiang"
"CNTOL","Tongling"
"CNTON","Tonglu"
"CNTOX","Tongxing"
"CNTOZ","Tongzhao"
"CNTPK","Taipingkou"
"CNTPU","Tuopu"
"CNTPW","Taipingwan"
"CNTQO","Tuqiao"
"CNTRT","Turugart"
"CNTSA","Taishan"
"CNTSG","Gongyi"
"CNTSH","Taishan"
"CNTSI","Jingjiang"
"CNTSN","Tientsin = Tianjin"
"CNTSU","Tianshui"
"CNTXA","Tangxia"
"CNTXG","Xingang = Tianjinxingang"
"CNTXI","Tengxian"
"CNTXJ","Tongxiang (Wutong)"
"CNTXN","Tunxi"
"CNTXZ","Tongxiang"
"CNTYG","Taoyang"
"CNTYN","Taiyuan"
"CNTYU","Taiyuan"
"CNTZE","Tianzhen"
"CNTZH","Tongzhong"
"CNTZO","Taizhou"
"CNTZU","Taizhou Pt"
"CNUAN","Xuancheng"
"CNUBU","Lubu"
"CNULA","Ulan Qab"
"CNULT","Ulastai"
"CNULZ","Urumqizhan"
"CNUNA","Chunan"
"CNURC","Urumqi"
"CNURM","Urumqi"
"CNUYN","Yulin"
"CNWAA","Wuhai"
"CNWAF","Wafangdian"
"CNWAI","Waihai"
"CNWAJ","Wanjiang"
"CNWAN","Wanding"
"CNWAS","Wanshan Pt"
"CNWAX","Wanxian"
"CNWAZ","Wanzai"
"CNWCH","Huangpo"
"CNWDS","Wendeng"
"CNWEC","Wenchang"
"CNWEF","Weifang Pt"
"CNWEG","Weihai Pt"
"CNWEH","Weihai Dashuipo Apt"
"CNWEI","Weihai"
"CNWEN","Wenlin"
"CNWFG","Weifang"
"CNWGI","Wangqi"
"CNWGQ","Waigaoqiao"
"CNWHE","Wuhe"
"CNWHG","Wuhan Pt"
"CNWHI","Wuhu"
"CNWHR","Rushan"
"CNWHU","Wuchuan"
"CNWHZ","Zhangjiabu"
"CNWIG","Waigang"
"CNWIH","Waihai"
"CNWIT","Weitou"
"CNWJA","Wujiang"
"CNWJD","Wenjindu"
"CNWJG","Wangjiang"
"CNWJI","Wujin"
"CNWJN","Wujin"
"CNWLD","Wulidian"
"CNWLG","Wanling"
"CNWLH","Ulan Hot"
"CNWLI","Wuli"
"CNWMG","Wuming"
"CNWNA","Weinan"
"CNWNC","Wenchengzhen"
"CNWNG","Wanning"
"CNWNZ","Wenzhou Longwan International Apt"
"CNWPG","Wuping"
"CNWSA","Wusha"
"CNWSH","Wenshan"
"CNWSN","Wushan"
"CNWTU","Weitou"
"CNWUA","Wusha"
"CNWUC","Wu Chong Kou"
"CNWUG","Wusong Pt"
"CNWUH","Hankow = Wuhan"
"CNWUJ","Wujiang"
"CNWUK","Wukan"
"CNWUQ","Wuqing"
"CNWUS","Wusong"
"CNWUX","Wuxi"
"CNWUZ","Wuzhou"
"CNWXA","Wuxuan"
"CNWXI","Wuxian"
"CNWXP","Wuxue Pt"
"CNWXS","Wuxi"
"CNWYK","Weiyuankou"
"CNWYN","Wengyuan"
"CNWYP","Wuyapao"
"CNWYS","Wuyishan"
"CNWZH","Wanzhou"
"CNWZO","Wenzhou"
"CNXAB","Xinfeng"
"CNXAG","Xianguojilugang"
"CNXAM","Xiamen"
"CNXAN","Xinan"
"CNXAO","Xiaolan"
"CNXAS","Xiashan"
"CNXCE","Xingcheng"
"CNXCG","Xichong Pt"
"CNXCH","Xincheng"
"CNXCI","Xiaochi"
"CNXCU","Xiaocuo Pt"
"CNXDI","Xindian"
"CNXDJ","Xiadaiji"
"CNXDU","Xindu"
"CNXEG","Xiegang"
"CNXEN","Xingcheng"
"CNXEO","Xueao"
"CNXEX","Xiexu"
"CNXFN","Xiangfan"
"CNXGA","Xingang"
"CNXGD","Xingdong"
"CNXGF","Xiangfan"
"CNXGG","Xingang"
"CNXGK","Xiangkou"
"CNXGN","Xiaogan"
"CNXGQ","Xiangqiao"
"CNXGS","Xingshan"
"CNXGT","Xingtan"
"CNXGY","Xiangyun"
"CNXGZ","Xiangzhou"
"CNXHA","Xiashan"
"CNXHH","Hekou"
"CNXHK","Xinhekou"
"CNXHO","Xiaohudao"
"CNXHT","Xilin Hot"
"CNXIA","Xian"
"CNXIC","Xichang"
"CNXID","Xindi"
"CNXIG","Xigaze"
"CNXIH","Xiahai"
"CNXII","Jixi"
"CNXIJ","Xijiang"
"CNXIK","Xinkai"
"CNXIL","Xiaolan"
"CNXIM","Xiamao"
"CNXIN","Xinhui"
"CNXIO","Xiaoxian"
"CNXIP","Xingang"
"CNXIQ","Xiqiao"
"CNXIS","Xiaoshan"
"CNXIT","Xintang"
"CNXIU","Xiuyu"
"CNXIW","Xiangyang"
"CNXIX","Xi xiang"
"CNXIY","Xinyi"
"CNXJB","Xiaojiangba"
"CNXJD","Xuejiadao"
"CNXJG","Xinanjiang"
"CNXJH","Hutubi"
"CNXJU","Xianju"
"CNXLN","Xinglin"
"CNXLS","Xiliangshan"
"CNXLU","Xiluzhen"
"CNXLZ","Xiaolizhuang"
"CNXMG","Xiamen Pt"
"CNXMH","Xiamen Haicang"
"CNXML","Liuwudian"
"CNXMN","Amoy = Xiamen"
"CNXNA","Xinsha"
"CNXNF","Xingfeng"
"CNXNG","Xinjiang"
"CNXNI","Xinxing"
"CNXNJ","Xinji"
"CNXNN","Xining"
"CNXNT","Xining"
"CNXNU","Xiniu"
"CNXNX","Xinxing"
"CNXNY","Xinyuan"
"CNXNZ","Xinzhou"
"CNXOT","Xiaotang"
"CNXPI","Xingping"
"CNXSA","Canton = Guangzhou"
"CNXSB","Xishuangbanna"
"CNXSH","Xinshi"
"CNXSI","Xiangshui"
"CNXSN","Xiangshan"
"CNXSP","Shipu"
"CNXTA","Xiangtan"
"CNXTG","Xiaotang"
"CNXTI","Xidi"
"CNXTN","Xiantan"
"CNXTO","Xitou"
"CNXTZ","Xuetangzhou"
"CNXUA","Xia Hua"
"CNXUG","Xiangang"
"CNXUI","Xuhuiqu"
"CNXUK","Xunke"
"CNXUL","Xiulin"
"CNXUM","Xuanmen"
"CNXUZ","Xuzhou"
"CNXWH","Haian"
"CNXWI","Xuanwei"
"CNXXG","Xingxiang"
"CNXXI","Xinchang"
"CNXXN","Xixiang"
"CNXXY","Xiangyu Terminal/Xiamen"
"CNXYA","Xianyang"
"CNXYG","Xiuying"
"CNXYI","Xinying"
"CNXYN","Xiaying"
"CNXYT","Xinyuan"
"CNXYU","Xianyou"
"CNXZH","Xuzhou"
"CNXZI","Xiangzhi"
"CNXZO","Xinzao"
"CNXZU","Xiangzhou"
"CNYAN","Yangshan"
"CNYAT","Yantai"
"CNYBG","Yabagou"
"CNYBP","Yibin Caiba Apt"
"CNYBU","Yanbu"
"CNYCA","Yingchuan"
"CNYCE","Yucheng"
"CNYCG","Yancheng"
"CNYCH","Yinchuan"
"CNYCN","Yangchun"
"CNYCU","Guangong Apt/Yuncheng"
"CNYDZ","Yadong"
"CNYFU","Yongfu"
"CNYGD","Yingde"
"CNYGG","Yangjiang"
"CNYGJ","Yongji"
"CNYGK","Yangkou"
"CNYGN","Yongan"
"CNYGO","Yaogou"
"CNYGP","Yangpu"
"CNYGS","Yangshan"
"CNYGT","Yingtan"
"CNYGX","Yangxi"
"CNYHG","Yuecheng"
"CNYHN","Yuhang"
"CNYHO","Yanzhou"
"CNYHU","Yishui"
"CNYIB","Yibin"
"CNYIC","Yichang"
"CNYIG","Yiyang"
"CNYIH","Yinchuan"
"CNYIK","Yingkou"
"CNYIN","Yining"
"CNYIU","Yiwu"
"CNYIW","Yiwu"
"CNYIX","Yixing"
"CNYIZ","Yizheng"
"CNYJA","Yanjia"
"CNYJC","Yangjiachang"
"CNYJI","Yangjiang"
"CNYJP","Yaojia Pt"
"CNYKG","Yongkang"
"CNYKS","Yierkeshi"
"CNYKU","Taokou"
"CNYLA","Yuelai"
"CNYLG","Yanliang"
"CNYLI","Yangli"
"CNYLN","Yilan Apt"
"CNYLO","Yonglong"
"CNYMD","Yangmadao"
"CNYNF","Yunfu"
"CNYNG","Yangzhong"
"CNYNJ","Yanji"
"CNYNN","Yongning"
"CNYNT","Chefoo = Yantai"
"CNYNZ","Yancheng Nanyang International Apt"
"CNYOJ","Yongjia"
"CNYON","Yongtai"
"CNYOU","Yuyao"
"CNYOX","Yong'an"
"CNYPE","Yangpeng"
"CNYPG","Yangpu"
"CNYPU","Yuepu"
"CNYQS","Beijiao"
"CNYRK","Yierkeshitan"
"CNYSA","Yangshan Pt"
"CNYSF","Yangshufang"
"CNYSH","Yuanshi"
"CNYSN","Yangshan"
"CNYSO","Yangshuo"
"CNYTG","Yantai Pt"
"CNYTI","Yongtai"
"CNYTN","Yantian"
"CNYUA","Yuanmou Apt"
"CNYUE","Yueqing"
"CNYUF","Yunfu"
"CNYUH","Yuhuan"
"CNYUI","Yutai"
"CNYUL","Yulin"
"CNYUN","Yuncheng"
"CNYUO","Yuanzhou"
"CNYUY","Yueyang"
"CNYUZ","Yuzhou"
"CNYXA","Yixian"
"CNYXI","Youxi"
"CNYXN","Yuexiunan"
"CNYXS","Yixing"
"CNYXT","Yangxifengtou"
"CNYXU","Yongxiu"
"CNYXY","Yangxi"
"CNYYA","Yueyang"
"CNYYG","Youyiguan"
"CNYYP","Yuyue Pt"
"CNYYU","Yuexu"
"CNYZA","Yizhuang"
"CNYZG","Yangzhong"
"CNYZH","Yangzhou"
"CNYZO","Yongzhou"
"CNYZS","Yongzhou"
"CNYZU","Yuzhu"
"CNZ99","else"
"CNZAG","Zhanghu"
"CNZAP","Zhapu"
"CNZAT","Zhaotong Apt"
"CNZBO","Zibo"
"CNZCG","Zhicheng"
"CNZCH","Zhucheng"
"CNZCU","Zichuan"
"CNZDO","Zhaodong"
"CNZEL","Zhelin"
"CNZEQ","Zhuengadabuqi"
"CNZGA","Zhongshan"
"CNZGC","Zhongguancun"
"CNZGG","Zigong"
"CNZGH","Zhangcha"
"CNZGO","Zigong"
"CNZGS","Zhangshan"
"CNZGT","Zhongtang"
"CNZGU","Zhangmutou"
"CNZGW","Zhangwan"
"CNZGZ","Zhengzhou"
"CNZHA","Tsamkong = Zhanjiang"
"CNZHC","Zhongcun"
"CNZHE","Chinkiang = Zhenjiang"
"CNZHF","Zhangfeng"
"CNZHG","Zhaogang"
"CNZHH","Zhenhai"
"CNZHI","Zhijiang"
"CNZHJ","Zhuji"
"CNZHN","Zhangshu"
"CNZHQ","Zhuanqiao"
"CNZHU","Zhumadian"
"CNZHY","Zhaoyuan"
"CNZHZ","Zhuozhou"
"CNZIB","Zibo"
"CNZIY","Ziyuan Pt"
"CNZJA","Zhangjiakou"
"CNZJB","Zhangjiabian"
"CNZJG","Changjiagang = Zhangjiagang"
"CNZJI","Zhangjian"
"CNZJK","Zhangjiakou"
"CNZJN","Zhengjiatun"
"CNZKO","Zhoukou"
"CNZLN","Zhongluotan"
"CNZLO","Zhuliao"
"CNZMU","Zham"
"CNZNG","Zengcheng"
"CNZNY","Zunyi"
"CNZNZ","Naozhou"
"CNZOC","Zoucheng"
"CNZOS","Zhoushan"
"CNZOU","Zhenzhou"
"CNZPG","Zouping"
"CNZPI","Zhaoping"
"CNZPK","Zhapoyouku"
"CNZPO","Zhapo"
"CNZPU","Zhapu Pt"
"CNZQG","Zhaoqing"
"CNZQH","Zhangqiu"
"CNZQJ","Zhouqujia"
"CNZQN","Zhaoqingzhan/Zhaoqing"
"CNZSM","Shima"
"CNZSN","Zhongshan"
"CNZTZ","Zhoutuozi"
"CNZUH","Zhuhai"
"CNZUS","Zhushan"
"CNZUT","Zhutan"
"CNZUU","Zhuzhou"
"CNZUY","Zhuyang"
"CNZXG","Zhongxiang"
"CNZXI","Zhexiang"
"CNZXJ","Zouxiang"
"CNZXN","Zhongxian"
"CNZXZ","Xiazhai"
"CNZYG","Zongyang"
"CNZYI","Zunyi Xinzhou Apt"
"CNZYO","Zhuangyuanao"
"CNZYU","Zhaoyuan"
"CNZZG","Zhouzhuang"
"CNZZO","Zhuzhou"
"CNZZS","Zaozhuang"
"CNZZU","Zhangzhou"
"CNZZZ","Zhengzhoudongzhan"
"HKHKG","HONG KONG"
"MOMFM","Macau"
"KRICN","Incheon Intl Apt/Seoul"
"SGSIN","Singapore"
"MYKUL","Kuala Lumpur"
"VNSGN","Ho Chi Minh City"